Word list,Meow list
อัปปรี,ewwe-MeOw
อัปปรีย์,ewwe-MeOw
อัปรีย์,ewwe-MeOw
แม่มึง,ma-maowww
เย็ดแม่,me-oWWWWWWWWWW!
ดอกทอง,ME—✿✿w!
ดวก,me—✿w
ดอก,me—✿w
เหี้ย,Me?w
สาด,MEOOOOOW!!
here,MeOw
จังไร,meOW
หำ,MEow
เวร,MeoW 
หอก,MeoW 
ห่า,MeoW 
เดนเปรต,Meow ___ meow meow ?
เปรต,Meow ___ meow meow ?
กะดอ,MEow!!
สัส,MEOW!!
ระยำ,MEOW!!
เสือก,MEOW!!
กวย,MEOW!!!k@$#&*@
ครวย,MEOW!!!k@$#&*@
ควย,MEOW!!!k@$#&*@
ควัย,MEOW!!!k@$#&*@
ฆรวย,MEOW!!!k@$#&*@
ฉห.,meoW!♡mrrr
ควาย,Meow~
สถุน,Meow~
สวะ,Meow~
สะถุน,Meow~
เหี้ย,MeOww
ฉิบ,meoWW!♡
ส้นตรีน,Meoww~
ส้นตีน,Meoww~
จัญไร,meOWWWW!!
หัวดอ,MEowwww!!
ฉิบหาย,meoWWWW!♡
ชิบหาย,meoWWWWW!♡
สัด,mOeW!!?
สัต,mOeW!!?
สัตว์นรก,mOeW!!?
แมร่ง,mOeWWW!!
หี,mrrrr
หน่อแตด,muaew
อห,muahhhhew
พร่อง,Mxxw
พ่อง,prrrr
พ่อมึง,prrrr
ตีน,prrrr-meowww
แตด,Purrrr
ร่าน,ฅ MEOW ฅ
ต่ำ,ฅ MEOW ฅ
แดก,ฅ MEOW ฅxxxx
ตู่,aaaaaaaaaaaa
ดัดจริต,awr
กะลา,Brrrrrrrrt
อ่อน,e-e-e-e-e-e
กักฬะ,hh
อีผี,hhhhhht
ตอแหล,hhht
รกโลก,hii
ไพร่,M___W
เฟค,maew
บ้า,mao
สันขวาน,mengmeng
สันดาน,MEOW
สันดาร,MEOW!!!k@$#&*@
ขยะ,MEOW!!!k@$#&*@
ใจบาป,MEOW!!!k@$#&*@
แมงดา,mew
วอดวาย,mew
อุบาด,miao
อุบาทว์,miáú
งี่เง่า,MILWW!
ทุเรด,MILWW!
ทุเรศ,MmmEeooWW
ไร้การศึกษา,MmmEeooWW
ไร้สาระ,MmmEeooWW
เสียชาติเกิด,MmmEeooWW
เสียหมา,MmmEeooWW
เสื่อม,MMMEOWW!!
โสมม,MMMEOWW!!
รำคาญ,MMMEOWW!!
กระจอก,MMMEOWW!!
หน้าด้าน,mmmmmmeowww
กลวง,mrow
เจ๊ง,mrow
เบื้อก,mrrr
ประสาท,mrrrrrrrrrrawr
ปลวก,mrrruah
ปัญญาอ่อน,mrrruah
ปลิง,mrrruah
ป่วย,mrrruah
ขี้,mrrruahhh
จู๋,mrrruahhh
กาก,mrrt
กากเดน,muaeww
ชั่ว,muah
ชิบ,MUAH!
หอย,muaw
อ้วก,muawwww
โง่,muuuuuuuuw
สัตว์เดรัจฉาน,muyaeeeeeeee-w
แช่ง,mwo
วัว,ptrtrrttrrmrrrrr
เลว,rrrr
ห่วยแตก,มะอาวววว
หัวร้อน,มะแอ๋ว!
เฬว,มะแอ้ว!!
เน่า,มะแอ้ว!!
เน่าเฟะ,มะแอ้ว!!
เนรคุณ,มุเงี๋ยว
นรก,มุเงี๋ยว
แรด,มุเอวี๋ยว
ทราม,มุเอวี๋ยววว
หมา,แมง๋วววววว
เวทนา,เหมียว
สมเพช,เหมียว
สะเหร่อ,เหมี๊ยวววววว
สะเหล่อ,เหมี๊ยวววววว
สลิ่ม,เหมี๊ียว
ปากหมา,เหมี๊ียว
ไอ่,เหมี๊ียววว
ไอ้,โฮ่ง
เวน,hh
เอ้ย,hh
โอ๊ย,prr
จ้าาา,prr
วะ,prr
โว้ย,prrrrrrrr
ถุย,prrrrrrrr
โว๊ะ,prrrrrrrr